--
-- PostgreSQL database dump
--

-- Dumped from database version 12.17 (Ubuntu 12.17-1.pgdg22.04+1)
-- Dumped by pg_dump version 12.17 (Ubuntu 12.17-1.pgdg22.04+1)

SET statement_timeout = 0;
SET lock_timeout = 0;
SET idle_in_transaction_session_timeout = 0;
SET client_encoding = 'UTF8';
SET standard_conforming_strings = on;
SELECT pg_catalog.set_config('search_path', '', false);
SET check_function_bodies = false;
SET xmloption = content;
SET client_min_messages = warning;
SET row_security = off;

DROP DATABASE universe;
--
-- Name: universe; Type: DATABASE; Schema: -; Owner: freecodecamp
--

CREATE DATABASE universe WITH TEMPLATE = template0 ENCODING = 'UTF8' LC_COLLATE = 'C.UTF-8' LC_CTYPE = 'C.UTF-8';


ALTER DATABASE universe OWNER TO freecodecamp;

\connect universe

SET statement_timeout = 0;
SET lock_timeout = 0;
SET idle_in_transaction_session_timeout = 0;
SET client_encoding = 'UTF8';
SET standard_conforming_strings = on;
SELECT pg_catalog.set_config('search_path', '', false);
SET check_function_bodies = false;
SET xmloption = content;
SET client_min_messages = warning;
SET row_security = off;

SET default_tablespace = '';

SET default_table_access_method = heap;

--
-- Name: galaxy; Type: TABLE; Schema: public; Owner: freecodecamp
--

CREATE TABLE public.galaxy (
    galaxy_id integer NOT NULL,
    name character varying(255) NOT NULL,
    type text NOT NULL,
    distance_light_years numeric,
    is_visible boolean DEFAULT true NOT NULL,
    num_of_stars integer NOT NULL
);


ALTER TABLE public.galaxy OWNER TO freecodecamp;

--
-- Name: galaxy_galaxy_id_seq; Type: SEQUENCE; Schema: public; Owner: freecodecamp
--

CREATE SEQUENCE public.galaxy_galaxy_id_seq
    AS integer
    START WITH 1
    INCREMENT BY 1
    NO MINVALUE
    NO MAXVALUE
    CACHE 1;


ALTER TABLE public.galaxy_galaxy_id_seq OWNER TO freecodecamp;

--
-- Name: galaxy_galaxy_id_seq; Type: SEQUENCE OWNED BY; Schema: public; Owner: freecodecamp
--

ALTER SEQUENCE public.galaxy_galaxy_id_seq OWNED BY public.galaxy.galaxy_id;


--
-- Name: moon; Type: TABLE; Schema: public; Owner: freecodecamp
--

CREATE TABLE public.moon (
    moon_id integer NOT NULL,
    name character varying(255) NOT NULL,
    planet_id integer NOT NULL,
    is_inhabited boolean DEFAULT false NOT NULL,
    radius_km integer
);


ALTER TABLE public.moon OWNER TO freecodecamp;

--
-- Name: moon_moon_id_seq; Type: SEQUENCE; Schema: public; Owner: freecodecamp
--

CREATE SEQUENCE public.moon_moon_id_seq
    AS integer
    START WITH 1
    INCREMENT BY 1
    NO MINVALUE
    NO MAXVALUE
    CACHE 1;


ALTER TABLE public.moon_moon_id_seq OWNER TO freecodecamp;

--
-- Name: moon_moon_id_seq; Type: SEQUENCE OWNED BY; Schema: public; Owner: freecodecamp
--

ALTER SEQUENCE public.moon_moon_id_seq OWNED BY public.moon.moon_id;


--
-- Name: planet; Type: TABLE; Schema: public; Owner: freecodecamp
--

CREATE TABLE public.planet (
    planet_id integer NOT NULL,
    name character varying(255) NOT NULL,
    star_id integer NOT NULL,
    has_life boolean NOT NULL,
    radius_km integer NOT NULL,
    orbit_period_in_days integer
);


ALTER TABLE public.planet OWNER TO freecodecamp;

--
-- Name: planet_planet_id_seq; Type: SEQUENCE; Schema: public; Owner: freecodecamp
--

CREATE SEQUENCE public.planet_planet_id_seq
    AS integer
    START WITH 1
    INCREMENT BY 1
    NO MINVALUE
    NO MAXVALUE
    CACHE 1;


ALTER TABLE public.planet_planet_id_seq OWNER TO freecodecamp;

--
-- Name: planet_planet_id_seq; Type: SEQUENCE OWNED BY; Schema: public; Owner: freecodecamp
--

ALTER SEQUENCE public.planet_planet_id_seq OWNED BY public.planet.planet_id;


--
-- Name: spacecraft; Type: TABLE; Schema: public; Owner: freecodecamp
--

CREATE TABLE public.spacecraft (
    spacecraft_id integer NOT NULL,
    name character varying(255) NOT NULL,
    launch_year integer NOT NULL,
    is_active boolean DEFAULT true NOT NULL,
    mission_type text
);


ALTER TABLE public.spacecraft OWNER TO freecodecamp;

--
-- Name: spacecraft_spacecraft_id_seq; Type: SEQUENCE; Schema: public; Owner: freecodecamp
--

CREATE SEQUENCE public.spacecraft_spacecraft_id_seq
    AS integer
    START WITH 1
    INCREMENT BY 1
    NO MINVALUE
    NO MAXVALUE
    CACHE 1;


ALTER TABLE public.spacecraft_spacecraft_id_seq OWNER TO freecodecamp;

--
-- Name: spacecraft_spacecraft_id_seq; Type: SEQUENCE OWNED BY; Schema: public; Owner: freecodecamp
--

ALTER SEQUENCE public.spacecraft_spacecraft_id_seq OWNED BY public.spacecraft.spacecraft_id;


--
-- Name: star; Type: TABLE; Schema: public; Owner: freecodecamp
--

CREATE TABLE public.star (
    star_id integer NOT NULL,
    name character varying(255) NOT NULL,
    galaxy_id integer NOT NULL,
    mass numeric NOT NULL,
    is_visible boolean DEFAULT false NOT NULL,
    age_in_billion_years integer NOT NULL
);


ALTER TABLE public.star OWNER TO freecodecamp;

--
-- Name: star_star_id_seq; Type: SEQUENCE; Schema: public; Owner: freecodecamp
--

CREATE SEQUENCE public.star_star_id_seq
    AS integer
    START WITH 1
    INCREMENT BY 1
    NO MINVALUE
    NO MAXVALUE
    CACHE 1;


ALTER TABLE public.star_star_id_seq OWNER TO freecodecamp;

--
-- Name: star_star_id_seq; Type: SEQUENCE OWNED BY; Schema: public; Owner: freecodecamp
--

ALTER SEQUENCE public.star_star_id_seq OWNED BY public.star.star_id;


--
-- Name: galaxy galaxy_id; Type: DEFAULT; Schema: public; Owner: freecodecamp
--

ALTER TABLE ONLY public.galaxy ALTER COLUMN galaxy_id SET DEFAULT nextval('public.galaxy_galaxy_id_seq'::regclass);


--
-- Name: moon moon_id; Type: DEFAULT; Schema: public; Owner: freecodecamp
--

ALTER TABLE ONLY public.moon ALTER COLUMN moon_id SET DEFAULT nextval('public.moon_moon_id_seq'::regclass);


--
-- Name: planet planet_id; Type: DEFAULT; Schema: public; Owner: freecodecamp
--

ALTER TABLE ONLY public.planet ALTER COLUMN planet_id SET DEFAULT nextval('public.planet_planet_id_seq'::regclass);


--
-- Name: spacecraft spacecraft_id; Type: DEFAULT; Schema: public; Owner: freecodecamp
--

ALTER TABLE ONLY public.spacecraft ALTER COLUMN spacecraft_id SET DEFAULT nextval('public.spacecraft_spacecraft_id_seq'::regclass);


--
-- Name: star star_id; Type: DEFAULT; Schema: public; Owner: freecodecamp
--

ALTER TABLE ONLY public.star ALTER COLUMN star_id SET DEFAULT nextval('public.star_star_id_seq'::regclass);


--
-- Data for Name: galaxy; Type: TABLE DATA; Schema: public; Owner: freecodecamp
--

INSERT INTO public.galaxy VALUES (1, 'Milky Way', 'Spiral', 0, true, 250);
INSERT INTO public.galaxy VALUES (2, 'Andromeda', 'Spiral', 2537000, true, 1000);
INSERT INTO public.galaxy VALUES (3, 'Triangulum', 'Spiral', 3000000, true, 400);
INSERT INTO public.galaxy VALUES (4, 'Magellanic Clouds', 'Irregular', 160000, true, 20);
INSERT INTO public.galaxy VALUES (5, 'Whirlpool', 'Spiral', 23000000, true, 300);
INSERT INTO public.galaxy VALUES (6, 'Sombrero', 'Spiral', 29000000, true, 100);


--
-- Data for Name: moon; Type: TABLE DATA; Schema: public; Owner: freecodecamp
--

INSERT INTO public.moon VALUES (1, 'Moon', 1, false, 1737);
INSERT INTO public.moon VALUES (2, 'Deimos', 2, false, 6);
INSERT INTO public.moon VALUES (3, 'Phobos', 2, false, 11);
INSERT INTO public.moon VALUES (4, 'Io', 1, false, 1822);
INSERT INTO public.moon VALUES (5, 'Europa', 1, false, 1561);
INSERT INTO public.moon VALUES (6, 'Ganymede', 1, false, 2634);
INSERT INTO public.moon VALUES (7, 'Callisto', 1, false, 2410);
INSERT INTO public.moon VALUES (8, 'Titan', 3, false, 2575);
INSERT INTO public.moon VALUES (9, 'Rhea', 3, false, 1528);
INSERT INTO public.moon VALUES (10, 'Iapetus', 3, false, 736);
INSERT INTO public.moon VALUES (11, 'Dione', 3, false, 561);
INSERT INTO public.moon VALUES (12, 'Tethys', 3, false, 531);
INSERT INTO public.moon VALUES (13, 'Enceladus', 3, false, 252);
INSERT INTO public.moon VALUES (14, 'Mimas', 3, false, 198);
INSERT INTO public.moon VALUES (15, 'Oberon', 4, false, 761);
INSERT INTO public.moon VALUES (16, 'Titania', 4, false, 788);
INSERT INTO public.moon VALUES (17, 'Umbriel', 4, false, 585);
INSERT INTO public.moon VALUES (18, 'Ariel', 4, false, 579);
INSERT INTO public.moon VALUES (19, 'Miranda', 4, false, 236);
INSERT INTO public.moon VALUES (20, 'Triton', 5, false, 1353);


--
-- Data for Name: planet; Type: TABLE DATA; Schema: public; Owner: freecodecamp
--

INSERT INTO public.planet VALUES (1, 'Earth', 1, true, 6371, 365);
INSERT INTO public.planet VALUES (2, 'Mars', 1, false, 3389, 687);
INSERT INTO public.planet VALUES (3, 'Proxima b', 2, false, 5505, 233);
INSERT INTO public.planet VALUES (4, 'Alpha Centauri Bb', 3, false, 5431, 3);
INSERT INTO public.planet VALUES (5, 'Kepler-22b', 4, true, 12050, 290);
INSERT INTO public.planet VALUES (6, 'Gliese 667 Cc', 5, true, 9834, 28);
INSERT INTO public.planet VALUES (7, 'HD 209458 b', 6, false, 10370, 4);
INSERT INTO public.planet VALUES (8, '51 Pegasi b', 6, false, 10897, 4);
INSERT INTO public.planet VALUES (9, 'Tau Ceti e', 6, true, 7645, 168);
INSERT INTO public.planet VALUES (10, 'Upsilon Andromedae d', 5, false, 12555, 1);
INSERT INTO public.planet VALUES (11, 'Kapteyn b', 4, false, 8490, 121);
INSERT INTO public.planet VALUES (12, 'TrES-2b', 3, false, 11311, 2);


--
-- Data for Name: spacecraft; Type: TABLE DATA; Schema: public; Owner: freecodecamp
--

INSERT INTO public.spacecraft VALUES (1, 'Voyager 1', 1977, true, 'Interstellar Mission');
INSERT INTO public.spacecraft VALUES (2, 'Cassini', 1997, true, 'Saturn System Mission');
INSERT INTO public.spacecraft VALUES (3, 'New Horizons', 2006, true, 'Pluto Flyby and Kuiper Belt Mission');


--
-- Data for Name: star; Type: TABLE DATA; Schema: public; Owner: freecodecamp
--

INSERT INTO public.star VALUES (1, 'Sun', 1, 1.0, false, 5);
INSERT INTO public.star VALUES (2, 'Proxima Centauri', 1, 0.12, false, 5);
INSERT INTO public.star VALUES (3, 'Alpha Centauri A', 1, 1.1, false, 5);
INSERT INTO public.star VALUES (4, 'Sirius', 1, 2.02, false, 0);
INSERT INTO public.star VALUES (5, 'Vega', 1, 2.135, false, 0);
INSERT INTO public.star VALUES (6, 'Altair', 1, 1.79, false, 1);


--
-- Name: galaxy_galaxy_id_seq; Type: SEQUENCE SET; Schema: public; Owner: freecodecamp
--

SELECT pg_catalog.setval('public.galaxy_galaxy_id_seq', 7, true);


--
-- Name: moon_moon_id_seq; Type: SEQUENCE SET; Schema: public; Owner: freecodecamp
--

SELECT pg_catalog.setval('public.moon_moon_id_seq', 20, true);


--
-- Name: planet_planet_id_seq; Type: SEQUENCE SET; Schema: public; Owner: freecodecamp
--

SELECT pg_catalog.setval('public.planet_planet_id_seq', 13, true);


--
-- Name: spacecraft_spacecraft_id_seq; Type: SEQUENCE SET; Schema: public; Owner: freecodecamp
--

SELECT pg_catalog.setval('public.spacecraft_spacecraft_id_seq', 3, true);


--
-- Name: star_star_id_seq; Type: SEQUENCE SET; Schema: public; Owner: freecodecamp
--

SELECT pg_catalog.setval('public.star_star_id_seq', 7, true);


--
-- Name: galaxy galaxy_name_key; Type: CONSTRAINT; Schema: public; Owner: freecodecamp
--

ALTER TABLE ONLY public.galaxy
    ADD CONSTRAINT galaxy_name_key UNIQUE (name);


--
-- Name: galaxy galaxy_pkey; Type: CONSTRAINT; Schema: public; Owner: freecodecamp
--

ALTER TABLE ONLY public.galaxy
    ADD CONSTRAINT galaxy_pkey PRIMARY KEY (galaxy_id);


--
-- Name: moon moon_name_key; Type: CONSTRAINT; Schema: public; Owner: freecodecamp
--

ALTER TABLE ONLY public.moon
    ADD CONSTRAINT moon_name_key UNIQUE (name);


--
-- Name: moon moon_pkey; Type: CONSTRAINT; Schema: public; Owner: freecodecamp
--

ALTER TABLE ONLY public.moon
    ADD CONSTRAINT moon_pkey PRIMARY KEY (moon_id);


--
-- Name: planet planet_name_key; Type: CONSTRAINT; Schema: public; Owner: freecodecamp
--

ALTER TABLE ONLY public.planet
    ADD CONSTRAINT planet_name_key UNIQUE (name);


--
-- Name: planet planet_pkey; Type: CONSTRAINT; Schema: public; Owner: freecodecamp
--

ALTER TABLE ONLY public.planet
    ADD CONSTRAINT planet_pkey PRIMARY KEY (planet_id);


--
-- Name: spacecraft spacecraft_name_key; Type: CONSTRAINT; Schema: public; Owner: freecodecamp
--

ALTER TABLE ONLY public.spacecraft
    ADD CONSTRAINT spacecraft_name_key UNIQUE (name);


--
-- Name: spacecraft spacecraft_pkey; Type: CONSTRAINT; Schema: public; Owner: freecodecamp
--

ALTER TABLE ONLY public.spacecraft
    ADD CONSTRAINT spacecraft_pkey PRIMARY KEY (spacecraft_id);


--
-- Name: star star_name_key; Type: CONSTRAINT; Schema: public; Owner: freecodecamp
--

ALTER TABLE ONLY public.star
    ADD CONSTRAINT star_name_key UNIQUE (name);


--
-- Name: star star_pkey; Type: CONSTRAINT; Schema: public; Owner: freecodecamp
--

ALTER TABLE ONLY public.star
    ADD CONSTRAINT star_pkey PRIMARY KEY (star_id);


--
-- Name: moon moon_planet_id_fkey; Type: FK CONSTRAINT; Schema: public; Owner: freecodecamp
--

ALTER TABLE ONLY public.moon
    ADD CONSTRAINT moon_planet_id_fkey FOREIGN KEY (planet_id) REFERENCES public.planet(planet_id);


--
-- Name: planet planet_star_id_fkey; Type: FK CONSTRAINT; Schema: public; Owner: freecodecamp
--

ALTER TABLE ONLY public.planet
    ADD CONSTRAINT planet_star_id_fkey FOREIGN KEY (star_id) REFERENCES public.star(star_id);


--
-- Name: star star_galaxy_id_fkey; Type: FK CONSTRAINT; Schema: public; Owner: freecodecamp
--

ALTER TABLE ONLY public.star
    ADD CONSTRAINT star_galaxy_id_fkey FOREIGN KEY (galaxy_id) REFERENCES public.galaxy(galaxy_id);


--
-- PostgreSQL database dump complete
--

